Атауы,Бағасы
АвтоМода 5687653m Chevrolet Cobalt 2013-2023 серый,2 490 ₸
Cardinar CH-0038-Co Chevrolet Cobalt 2015-2021 синий-черный,2 333 ₸
PA-33 Chevrolet Cobalt 2013-2021 черный,883 ₸
PA-41 Toyota Carina E 1992-1997 черный,900 ₸
ALMA PART AP124216 Chevrolet Cobalt 2017-2021 черный,745 ₸
АвтоМир 104 ВАЗ 2107 1981-2012 черный,850 ₸
"025 Lada 2115, 2114, 2113 1997-2012 черный",899 ₸
167144826 Haval M6 2023-2024 черный,2 267 ₸
PA-37 Volkswagen Golf 1991-1995 черный,895 ₸
18251335_215409446 Chery Tiggo 2 2022-2024 черный,2 367 ₸
АвтоТренд ПА-30м Lada Granta 2011-2021 черный,913 ₸
PA-8 ГАЗ ГАЗель 1997-2009 черный,930 ₸
